strategy,total_profit,avg_profit,default_rate,total_defaults,total_approved,risk_adjusted_return,avg_final_capital
rule_based,70.86906494914763,0.07086906494914763,0.005944471641373523,85,14299,0.07045027528558552,33242880.266236942
pd_threshold,-11.293998983368752,-0.011293998983368752,0.005547565235257859,27,4867,-0.011231690447906766,73907430.52729672
ppo_agent,718.1509319785439,0.7181509319785438,0.0012255617157864022,42,34270,0.7172718710335946,110828125.2484821
